Workbook

Sheet Pipeline
A1: Pipeline de leads y operaciones
A2: ID | B2: Fecha alta | C2: Cliente | D2: Contacto | E2: Canal | F2: Coche de interés | G2: Estado | H2: Fuente | I2: Presupuesto total (€) | J2: Honorario (€) | K2: Costes propios (€) | L2: Beneficio neto (€) | M2: Señal (€) | N2: Fecha compra | O2: Fecha entrega | P2: Días en proceso | Q2: Próxima acción | R2: Fecha próx. acción | S2: Notas
A3: 1 | B3: 46183 | C3: Carlos M. | D3: 6XX111222 | E3: Catálogo | F3: BMW 320d 2020 | G3: Entregado | H3: Instagram | I3: 30000 | J3: 2250 | K3: 500 | L3: =IF(J3="","",J3-K3) | M3: 500 | N3: 46193 | O3: 46207 | P3: =IF(AND(N3<>"",O3<>""),O3-N3,"") | Q3: Cerrado. Pedir reseña | S3: Cliente muy contento
A4: 2 | B4: 46204 | C4: Laura P. | D4: laura@mail.com | E4: Encargo | F4: Audi A4 Avant | G4: Negociando | H4: Google | J4: 2250 | K4: 500 | L4: =IF(J4="","",J4-K4) | P4: =IF(AND(N4<>"",O4<>""),O4-N4,"") | Q4: Enviar 2 candidatos | R4: 46221 | S4: Busca familiar diésel
A5: 3 | B5: 46211 | C5: Jose R. | D5: 6XX333444 | E5: Catálogo | F5: VW Golf GTI | G5: Presupuesto enviado | H5: TikTok | I5: 26500 | J5: 2000 | K5: 400 | L5: =IF(J5="","",J5-K5) | P5: =IF(AND(N5<>"",O5<>""),O5-N5,"") | Q5: Seguimiento del presupuesto | R5: 46220
A6: 4 | B6: 46215 | C6: Marta S. | D6: 6XX555666 | E6: Encargo | F6: Mercedes GLC | G6: Nuevo lead | H6: Referido | L6: =IF(J6="","",J6-K6) | P6: =IF(AND(N6<>"",O6<>""),O6-N6,"") | Q6: Hacer briefing | R6: 46219 | S6: Referida por Carlos M.
L7: =IF(J7="","",J7-K7) | P7: =IF(AND(N7<>"",O7<>""),O7-N7,"")
L8: =IF(J8="","",J8-K8) | P8: =IF(AND(N8<>"",O8<>""),O8-N8,"")
L9: =IF(J9="","",J9-K9) | P9: =IF(AND(N9<>"",O9<>""),O9-N9,"")
L10: =IF(J10="","",J10-K10) | P10: =IF(AND(N10<>"",O10<>""),O10-N10,"")
L11: =IF(J11="","",J11-K11) | P11: =IF(AND(N11<>"",O11<>""),O11-N11,"")
L12: =IF(J12="","",J12-K12) | P12: =IF(AND(N12<>"",O12<>""),O12-N12,"")
L13: =IF(J13="","",J13-K13) | P13: =IF(AND(N13<>"",O13<>""),O13-N13,"")
L14: =IF(J14="","",J14-K14) | P14: =IF(AND(N14<>"",O14<>""),O14-N14,"")
L15: =IF(J15="","",J15-K15) | P15: =IF(AND(N15<>"",O15<>""),O15-N15,"")
L16: =IF(J16="","",J16-K16) | P16: =IF(AND(N16<>"",O16<>""),O16-N16,"")
L17: =IF(J17="","",J17-K17) | P17: =IF(AND(N17<>"",O17<>""),O17-N17,"")
L18: =IF(J18="","",J18-K18) | P18: =IF(AND(N18<>"",O18<>""),O18-N18,"")
... L102: =IF(J102="","",J102-K102) | P102: =IF(AND(N102<>"",O102<>""),O102-N102,"")

Sheet KPIs
A1: CUADRO DE MANDO — KPIs
A3: Total de leads registrados | B3: =COUNTA(Pipeline!C3:C102)
A4: Encargos firmados (o más avanzados) | B4: =COUNTIF(Pipeline!G3:G102,"Encargo firmado")+COUNTIF(Pipeline!G3:G102,"En proceso")+COUNTIF(Pipeline!G3:G102,"Entregado")
A5: Operaciones entregadas | B5: =COUNTIF(Pipeline!G3:G102,"Entregado")
A6: Leads perdidos | B6: =COUNTIF(Pipeline!G3:G102,"Perdido")
A7: Tasa de conversión (entregados / leads) | B7: =IFERROR(COUNTIF(Pipeline!G3:G102,"Entregado")/COUNTA(Pipeline!C3:C102),0)
A8: Beneficio neto acumulado (entregados) | B8: =SUMIF(Pipeline!G3:G102,"Entregado",Pipeline!L3:L102)
A9: Honorario medio (entregados) | B9: =IFERROR(AVERAGEIF(Pipeline!G3:G102,"Entregado",Pipeline!J3:J102),0)
A10: Facturación todo-incluido (entregados) | B10: =SUMIF(Pipeline!G3:G102,"Entregado",Pipeline!I3:I102)
A11: Días medios en proceso | B11: =IFERROR(AVERAGE(Pipeline!P3:P102),0)
A13: Leads por estado
A14: Nuevo lead | B14: =COUNTIF(Pipeline!G3:G102,"Nuevo lead")
A15: Briefing/Interés | B15: =COUNTIF(Pipeline!G3:G102,"Briefing/Interés")
A16: Presupuesto enviado | B16: =COUNTIF(Pipeline!G3:G102,"Presupuesto enviado")
A17: Negociando | B17: =COUNTIF(Pipeline!G3:G102,"Negociando")
A18: Encargo firmado | B18: =COUNTIF(Pipeline!G3:G102,"Encargo firmado")
A19: En proceso | B19: =COUNTIF(Pipeline!G3:G102,"En proceso")
A20: Entregado | B20: =COUNTIF(Pipeline!G3:G102,"Entregado")
A21: Perdido | B21: =COUNTIF(Pipeline!G3:G102,"Perdido")
